"","Keyword","Monthly Volume","Adwords CPC","Adwords Comp","Volume Trend  (12 mo)"
"","rhubarb","301,000","$0.16","0.28",""
"","rhubarb crumble","90,500","$0.19","0.01",""
"","rhubarb recipes","90,500","$0.09","0.05",""
"","rhubarbe","74,000","$0.78","0.01",""
"","rhubarb pie","60,500","$0.32","0.04",""
"","rhubarb strawberry pie","60,500","$0.64","0.04",""
"","tarte rhubarbe","60,500","$0.18","0.00",""
"","rhubarb crisp","40,500","$0.14","0.02",""
"","rhubarb strawberry crisp","27,100","$0.13","0.00",""
"","rhubarb cake","22,200","$0.11","0.05",""
"","rhubarb gin","22,200","$0.54","1.00",""
"","rhubarb plant","22,200","$0.26","1.00",""
"","apple and rhubarb crumble","18,100","$0.17","0.01",""
"","rhubarb jam","14,800","$0.25","0.26",""
"","rhubarb muffins","14,800","$0.10","0.05",""
"","rhubarb and ginger gin","14,800","$0.31","1.00",""
"","rhubarb strawberry jam","12,100","$0.29","0.22",""
"","compote de rhubarbe","12,100","$0.18","0.00",""
"","rhubarb and custard","12,100","$0.09","0.10",""
"","rhubarb cake recipe","9,900","$0.14","0.08",""
"","rhubarb growing","9,900","$0.17","0.04",""
"","rhubarb how to grow","9,900","$0.17","0.04",""
"","rhubarb pie recipe","9,900","$0.18","0.04",""
"","rhubarb recipes cake","9,900","$0.14","0.08",""
"","growing rhubarb","9,900","$0.17","0.04",""
"","rhubarb and custard sweets","9,900","$0.14","1.00",""
"","is rhubarb","9,900","$0.08","0.00",""
"","rhubarb fruit","8,100","$0.18","0.08",""
"","rhubarb tarts","8,100","$0.14","0.03",""
"","is rhubarb a fruit","8,100","$0.18","0.08",""
"","rhubarb crisp recipe","6,600","$0.15","0.04",""
"","rhubarb compote","6,600","$0.13","0.01",""
"","rhubarb custard pie","6,600","$0.10","0.05",""
"","rhubarb harvest","6,600","$0.00","0.00",""
"","rhubarb poisonous","6,600","$0.00","0.00",""
"","rhubarb sauce","6,600","$0.13","0.02",""
"","cooking rhubarb","6,600","$0.07","0.02",""
"","is rhubarb poisonous","6,600","$0.00","0.00",""
"","rhubarb desserts","5,400","$0.10","0.04",""
"","rhubarb desserts","5,400","$0.10","0.04",""
"","rhubarb fool","5,400","$0.11","0.00",""
"","rhubarb forcing","5,400","$0.16","0.21",""
"","rhubarb fruit or vegetable","5,400","$0.00","0.00",""
"","rhubarb jam recipe","5,400","$0.16","0.07",""
"","rhubarb leaves","5,400","$0.13","0.12",""
"","freezing rhubarb","5,400","$0.92","0.01",""
"","is rhubarb a fruit or a vegetable","5,400","$0.00","0.00",""
"","rhubarb apple crumble","4,400","$0.27","0.01",""
"","rhubarb bread","4,400","$0.12","0.06",""
"","rhubarb flower","4,400","$0.09","0.33",""
"","rhubarb muffin recipe","4,400","$0.14","0.06",""
"","rhubarb recipes muffins","4,400","$0.14","0.06",""
"","rhubarb upside down cake","4,400","$0.12","0.04",""
"","rhubarb chutney","4,400","$0.25","0.03",""
"","rhubarb and ginger jam","4,400","$0.31","0.15",""
"","rhubarb apple crisp","3,600","$0.13","0.01",""
"","rhubarb bars","3,600","$0.13","0.07",""
"","rhubarb benefits","3,600","$0.07","0.07",""
"","rhubarb dump cake","3,600","$0.28","0.04",""
"","rhubarb dump cake","3,600","$0.28","0.04",""
"","rhubarb leaves poisonous","3,600","$0.02","0.00",""
"","rhubarb coffee cake","2,900","$0.17","0.04",""
"","rhubarb ginger gin","2,900","$0.52","1.00",""
"","rhubarb healthy recipes","2,900","$0.11","0.07",""
"","rhubarb in spanish","2,900","$0.00","0.00",""
"","rhubarb recipes healthy","2,900","$0.11","0.07",""
"","rhubarb syrup","2,900","$0.31","0.72",""
"","rhubarb taste","2,900","$0.02","0.00",""
"","rhubarb vegetable","2,900","$0.07","0.13",""
"","rhubarb vodka","2,900","$0.27","1.00",""
"","rhubarb wine","2,900","$0.66","0.88",""
"","rhubarb apple pie","2,400","$0.10","0.02",""
"","rhubarb nutrition","2,400","$0.06","0.01",""
"","rhubarb restaurant","2,400","$0.00","0.00",""
"","rhubarb tart recipe","2,400","$0.13","0.02",""
"","slingsby rhubarb gin","2,400","$0.37","1.00",""
"","rhubarb and strawberry pie","1,900","$0.47","0.07",""
"","rhubarb easy recipes","1,900","$0.17","0.08",""
"","rhubarb health benefits","1,900","$0.09","0.06",""
"","rhubarb ice cream","1,900","$0.69","0.17",""
"","rhubarb scones","1,900","$0.07","0.04",""
"","rhubarb wine recipes","1,900","$0.32","0.03",""
"","rhubarb cookies","1,900","$0.12","0.06",""
"","rhubarb galette","1,600","$0.17","0.02",""
"","rhubarb jelly","1,600","$0.25","0.32",""
"","rhubarb juice","1,600","$0.36","0.54",""
"","rhubarb pudding","1,600","$0.11","0.02",""
"","rhubarb and strawberry jam","1,300","$0.23","0.10",""
"","rhubarb blueberry crisp","1,300","$0.54","0.02",""
"","rhubarb gin cocktail","1,300","$1.45","0.08",""
"","rhubarb liqueur","1,300","$0.32","1.00",""
"","rhubarb raspberry pie","1,300","$0.35","0.02",""
"","rhubarb and custard gin","1,300","$0.51","1.00",""
"","rhubarb dream bars","1,000","$0.08","0.02",""
"","rhubarb dream bars","1,000","$0.08","0.02",""
"","rhubarb how to eat","1,000","$0.06","0.00",""
"","rhubarb loaf","1,000","$0.05","0.04",""
"","rhubarb muffins healthy","1,000","$0.11","0.05",""
"","rhubarb when to pick","1,000","$0.00","0.01",""
"","rhubarb drink","880","$0.46","0.90",""
"","rhubarb drink","880","$0.46","0.90",""
"","rhubarb ginger jam","880","$0.22","0.20",""
"","rhubarb in arabic","880","$0.00","0.00",""
"","rhubarb lemonade","880","$0.26","0.08",""
"","rhubarb loaf cake","880","$0.05","0.02",""
"","rhubarb meringue pie","880","$0.00","0.01",""
"","rhubarb near me","880","$0.19","0.79",""
"","rhubarb raspberry crisp","880","$0.09","0.02",""
"","rhubarb relish","880","$0.09","0.07",""
"","rhubarb slush","880","$0.07","0.04",""
"","rhubarb squares","880","$0.06","0.08",""
"","rhubarb toxic","880","$0.00","0.01",""
"","rhubarb uses","880","$0.13","0.03",""
"","rhubarb varieties","880","$0.16","0.90",""
"","rhubarb and strawberry crisp","720","$0.07","0.01",""
"","rhubarb for sale","720","$0.32","1.00",""
"","rhubarb freezer jam","720","$0.10","0.06",""
"","rhubarb plant care","720","$0.68","0.11",""
"","rhubarb pudding cake","720","$0.08","0.04",""
"","rhubarb tea","720","$0.35","1.00",""
"","rhubarb banana muffins","590","$0.11","0.02",""
"","rhubarb bbq sauce","590","$0.97","0.02",""
"","rhubarb breakfast cake","590","$0.06","0.02",""
"","rhubarb extract","590","$0.25","1.00",""
"","rhubarb growing conditions","590","$0.04","0.01",""
"","rhubarb jam with jello","590","$0.13","0.14",""
"","rhubarb margarita","590","$2.62","0.06",""
"","rhubarb muffins pioneer woman","590","$0.08","0.10",""
"","rhubarb muffins with sour cream","590","$0.07","0.04",""
"","rhubarb oatmeal muffins","590","$0.07","0.06",""
"","rhubarb torte","590","$0.23","0.05",""
"","is rhubarb poisonous to dogs","590","$0.00","0.00",""
"","rhubarb dogs","480","$0.00","0.01",""
"","rhubarb dogs","480","$0.00","0.01",""
"","rhubarb in tagalog","480","$0.00","0.00",""
"","rhubarb marmalade","480","$0.16","0.21",""
"","rhubarb jam with pectin","390","$0.13","0.08",""
"","rhubarb keto","390","$0.14","0.04",""
"","rhubarb oatmeal crisp","390","$0.75","0.05",""
"","rhubarb pie with tapioca","390","$0.05","0.08",""
"","is rhubarb healthy","390","$0.05","0.02",""
"","rhubarb bundt cake","320","$0.06","0.05",""
"","rhubarb diseases","320","$0.07","0.02",""
"","rhubarb diseases","320","$0.07","0.02",""
"","rhubarb in french","320","$0.00","0.01",""
"","rhubarb kuchen","320","$0.38","0.05",""
"","rhubarb upside down cake with cake mix","320","$0.11","0.11",""
"","is rhubarb bad for dogs","320","$0.00","0.00",""
"","is rhubarb keto","320","$0.09","0.03",""
"","rhubarb and dogs","260","$0.00","0.01",""
"","rhubarb ideas","260","$0.00","0.02",""
"","rhubarb turnovers","260","$0.00","0.02",""
"","rhubarb yogurt","260","$0.27","0.50",""
"","burdock vs rhubarb","260","$0.00","0.00",""
"","rhubarb em portugues","210","$0.00","0.00",""
"","rhubarb hand pies","210","$0.00","0.02",""
"","rhubarb kombucha","210","$0.73","0.08",""
"","rhubarb leaves edible","210","$0.00","0.00",""
"","rhubarb nutrition data","210","$0.78","0.01",""
"","rhubarb oatmeal cookies","210","$0.00","0.03",""
"","rhubarb vodka slush","210","$0.16","0.04",""
"","rhubarb yellow leaves","210","$0.00","0.00",""
"","rhubarb yogurt muffins","210","$0.07","0.07",""
"","rhubarb dessert ideas","170","$0.05","0.04",""
"","rhubarb dessert ideas","170","$0.05","0.04",""
"","rhubarb eton mess","170","$0.06","0.01",""
"","rhubarb infused gin","170","$0.30","0.81",""
"","rhubarb ketchup","170","$0.10","0.03",""
"","rhubarb oat bars","170","$0.00","0.04",""
"","rhubarb oatmeal","170","$1.94","0.04",""
"","rhubarb orange jam","170","$0.00","0.15",""
"","rhubarb quick bread","170","$0.09","0.02",""
"","rhubarb instant pot","140","$0.00","0.00",""
"","rhubarb juice benefits","140","$0.07","0.06",""
"","rhubarb vanilla jam","140","$0.05","0.08",""
"","rhubarb vinegar","140","$0.36","0.17",""
"","rhubarb yogurt cake","140","$0.00","0.03",""
"","is rhubarb keto friendly","140","$0.00","0.02",""
"","barry m rhubarb","140","$0.00","0.47",""
"","rhubarb and custard seaham","140","$0.00","0.10",""
"","chard vs rhubarb","140","$0.00","0.00",""
"","rhubarb fruit leather","110","$0.00","0.02",""
"","rhubarb delight","90","$0.93","0.24",""
"","rhubarb delight","90","$0.93","0.24",""
"","rhubarb kimchi","90","$0.00","0.03",""
"","rhubarb not growing","90","$0.00","0.01",""
"","rhubarb yoghurt cake","90","$0.06","0.05",""
"","rhubarb 1951","90","$0.00","0.05",""
"","rhubarb and blueberry crisp","70","$0.18","0.06",""
"","rhubarb edible","70","$0.00","0.10",""
"","rhubarb harvest season","70","$0.08","0.00",""
"","rhubarb juice concentrate","70","$0.18","0.64",""
"","rhubarb not growing well","70","$0.00","0.00",""
"","rhubarb orange muffins","70","$0.00","0.03",""
"","rhubarb quick bread recipe","70","$0.00","0.05",""
"","rhubarb tea biscuits","70","$0.07","0.06",""
"","vitamin k rhubarb","70","$0.00","0.02",""
"","que es rhubarb","70","$0.00","0.00",""
"","5 gallon rhubarb wine recipe","70","$0.16","0.10",""
"","rhubarb ketchup recipes","50","$0.00","0.00",""
"","rhubarb oat muffins","50","$0.00","0.03",""
"","rhubarb quotes","50","$0.00","0.00",""
"","rhubarb walnut muffins","50","$0.00","0.04",""
"","rhubarb zucchini muffins","50","$0.10","0.02",""
"","rhubarb 75","50","$0.00","0.17",""
"","m&s rhubarb gin","50","$0.71","0.97",""
"","1 cup rhubarb in grams","50","$0.00","0.00",""
"","rhubarb edible parts","40","$0.00","0.00",""
"","rhubarb kuchen bars","40","$0.10","0.06",""
"","rhubarb nectar","40","$0.47","0.36",""
"","rhubarb not red","40","$0.00","0.00",""
"","rhubarb waffles","40","$0.00","0.02",""
"","rhubarb white chocolate cookies","40","$0.00","0.00",""
"","rhubarb zone","40","$0.00","0.09",""
"","rhubarb c","40","$0.00","0.05",""
"","rhubarb e liquid","40","$1.70","0.23",""
"","2 lbs rhubarb to cups","40","$0.00","0.00",""
"","rhubarb quiche","30","$0.00","0.02",""
"","rhubarb upside down cake nyt","30","$0.00","0.06",""
"","rhubarb vinaigrette recipe","30","$0.00","0.01",""
"","1 cup rhubarb recipes","30","$0.00","0.11",""
"","rhubarb zone 9","20","$0.41","0.80",""
"","rhubarb and custard clothing","20","$0.00","0.44",""
"","rhubarb t shirt","20","$0.38","1.00",""
"","5 star rhubarb recipes","20","$0.00","0.08",""
"","rhubarb yogurt loaf","10","$0.00","0.09",""
"","rhubarb yogurt pie","10","$0.00","0.09",""
"","rhubarb 101","10","$0.00","0.05",""
"","rhubarb 101 cookbooks","10","$0.00","0.01",""
"","rhubarb 17","10","$0.27","0.27",""
"","rhubarb 1951 film","10","$0.00","0.01",""
"","rhubarb 21 day fix","10","$0.00","0.00",""
"","rhubarb wine recipe 6 gallons","10","$0.00","0.06",""
"","rhubarb h allen smith","10","$0.00","1.00",""
"","rhubarb p","10","$0.00","0.06",""
"","4 cups rhubarb how many stalks","10","$0.00","0.00",""
"","rhubarb edmonton","0","$0.00","0.00","-"
"","rhubarb en espanol","0","$0.00","0.00","-"
"","rhubarb going to seed","0","$0.00","0.00","-"
"","rhubarb haskap jam","0","$0.00","0.00","-"
"","rhubarb keto muffins","0","$0.00","0.00","-"
"","rhubarb lunar cake","0","$0.00","0.00","-"
"","rhubarb quinoa","0","$0.00","0.00","-"
"","rhubarb qualities","0","$0.00","0.00","-"
"","rhubarb quick jam","0","$0.00","0.00","-"
"","rhubarb quebec","0","$0.00","0.00","-"
"","rhubarb upside-down pudding","0","$0.00","0.00","-"
"","rhubarb upside down cake easy","0","$0.00","0.00","-"
"","rhubarb upside down cake taste of home","0","$0.00","0.00","-"
"","rhubarb upside down bundt cake","0","$0.00","0.00","-"
"","rhubarb vanilla bean jelly","0","$0.00","0.00","-"
"","rhubarb white chocolate scones","0","$0.00","0.00","-"
"","rhubarb whole wheat muffins","0","$0.00","0.00","-"
"","rhubarb yeast bread","0","$0.00","0.00","-"
"","rhubarb zucchini crisp","0","$0.00","0.00","-"
"","rhubarb zucchini","0","$0.00","0.00","-"
"","rhubarb zucchini recipes","0","$0.00","0.00","-"
"","rhubarb zucchini coffee cake","0","$0.00","0.00","-"
"","rhubarb zucchini jam","0","$0.00","0.00","-"
"","rhubarb zehrs","0","$0.00","0.00","-"
"","clarins 02 rhubarb","0","$0.00","0.00","-"
"","rhubarb 1st year","0","$0.00","0.00","-"
"","rhubarb 1969","0","$0.00","0.00","-"
"","rhubarb 1951 trailer","0","$0.00","0.00","-"
"","rhubarb 2 cups","0","$0.00","0.00","-"
"","rhubarb 25 heath mill lane","0","$0.00","0.00","-"
"","rhubarb 20 fenchurch street","0","$0.00","0.00","-"
"","rhubarb 22 bishopsgate","0","$0.00","0.00","-"
"","rhubarb 2020","0","$0.00","0.00","-"
"","rhubarb 2nd year","0","$0.00","0.00","-"
"","rhubarb 2019","0","$0.00","0.00","-"
"","rhubarb 30 rock","0","$0.00","0.00","-"
"","rhubarb 3 ways","0","$0.00","0.00","-"
"","rhubarb 312","0","$0.00","0.00","-"
"","rhubarb 3d model","0","$0.00","0.00","-"
"","rhubarb 3 duxton hill","0","$0.00","0.00","-"
"","36s rhubarb gin","0","$0.00","0.00","-"
"","300g rhubarb in cups","0","$0.00","0.00","-"
"","3kg rhubarb and custard","0","$0.00","0.00","-"
"","rhubarb 400g price","0","$0.00","0.00","-"
"","400g rhubarb crumble recipe","0","$0.00","0.00","-"
"","400g rhubarb","0","$0.00","0.00","-"
"","400g rhubarb to cups","0","$0.00","0.00","-"
"","400g rhubarb recipe","0","$0.00","0.00","-"
"","4 rhubarb place mickleham","0","$0.00","0.00","-"
"","4lb rhubarb","0","$0.00","0.00","-"
"","400g rhubarb in ounces","0","$0.00","0.00","-"
"","rhubarb 50 tried and true recipes","0","$0.00","0.00","-"
"","rhubarb 5 a day","0","$0.00","0.00","-"
"","rhubarb 5-25 burr road","0","$0.00","0.00","-"
"","rhubarb 5 ways","0","$0.00","0.00","-"
"","500g rhubarb to cups","0","$0.00","0.00","-"
"","500g rhubarb stalks","0","$0.00","0.00","-"
"","55 rhubarb recipes","0","$0.00","0.00","-"
"","50cl rhubarb gin","0","$0.00","0.00","-"
"","67 rhubarb recipes","0","$0.00","0.00","-"
"","rhubarb 6 month old","0","$0.00","0.00","-"
"","600g rhubarb in cups","0","$0.00","0.00","-"
"","rhubarb zone 6","0","$0.00","0.00","-"
"","rhubarb crisp 6 cups","0","$0.00","0.00","-"
"","rhubarb pie 6 cups","0","$0.00","0.00","-"
"","rhubarb crumble for 6","0","$0.00","0.00","-"
"","rhubarb 7 asheville","0","$0.00","0.00","-"
"","rhubarb 7a","0","$0.00","0.00","-"
"","rhubarb 75 recept","0","$0.00","0.00","-"
"","70cl rhubarb gin","0","$0.00","0.00","-"
"","750g rhubarb in cups","0","$0.00","0.00","-"
"","700g rhubarb","0","$0.00","0.00","-"
"","70 rhubarb recipes","0","$0.00","0.00","-"
"","rhubarb 8n spanish","0","$0.00","0.00","-"
"","rhubarb 8 oz","0","$0.00","0.00","-"
"","8x8 rhubarb crisp","0","$0.00","0.00","-"
"","80 rhubarb recipes","0","$0.00","0.00","-"
"","8x8 rhubarb cake recipe","0","$0.00","0.00","-"
"","8 rhubarb pie","0","$0.00","0.00","-"
"","rhubarb zone 8","0","$0.00","0.00","-"
"","rhubarb cake 8x8 pan","0","$0.00","0.00","-"
"","9x13 rhubarb crisp recipe","0","$0.00","0.00","-"
"","9x9 rhubarb crisp","0","$0.00","0.00","-"
"","9x9 rhubarb cake","0","$0.00","0.00","-"
"","9x13 rhubarb pie","0","$0.00","0.00","-"
"","rhubarb crisp 9 x 13","0","$0.00","0.00","-"
"","rhubarb cake 9x13","0","$0.00","0.00","-"
"","rhubarb zone 9b","0","$0.00","0.00","-"
"","a rhubarb pie","0","$0.00","0.00","-"
"","a rhubarb plant","0","$0.00","0.00","-"
"","a rhubarb crumble","0","$0.00","0.00","-"
"","a rhubarb recipe","0","$0.00","0.00","-"
"","a rhubarb crisp","0","$0.00","0.00","-"
"","a rhubarb cake recipe","0","$0.00","0.00","-"
"","a rhubarb meaning","0","$0.00","0.00","-"
"","a rhubarb slang","0","$0.00","0.00","-"
"","rhubarb b&q","0","$0.00","0.00","-"
"","b&m rhubarb gin","0","$0.00","0.00","-"
"","mr b rhubarb chutney","0","$0.00","0.00","-"
"","b&q rhubarb forcer","0","$0.00","0.00","-"
"","b&m rhubarb vodka","0","$0.00","0.00","-"
"","rhubarbary b&b","0","$0.00","0.00","-"
"","vitamin c rhubarb","0","$0.00","0.00","-"
"","strawberry rhubarb c","0","$0.00","0.00","-"
"","rhubarbe c'est ma fournee","0","$0.00","0.00","-"
"","rhubarbe c'est quoi","0","$0.00","0.00","-"
"","c'afoutis rhubarbe","0","$0.00","0.00","-"
"","la rhubarbe c'est bon pourquoi","0","$0.00","0.00","-"
"","recette rhubarbe c'est ma fournee","0","$0.00","0.00","-"
"","d t brown rhubarb","0","$0.00","0.00","-"
"","apple a n d rhubarb crumble","0","$0.00","0.00","-"
"","d meaning of rhubarb","0","$0.00","0.00","-"
"","rhubarbe d'ornement","0","$0.00","0.00","-"
"","rhubarbe d'eau","0","$0.00","0.00","-"
"","rhubarbe d'automne","0","$0.00","0.00","-"
"","confiture d rhubarbe","0","$0.00","0.00","-"
"","rhubarb e juice","0","$0.00","0.00","-"
"","rhubarb e liquid recipe","0","$0.00","0.00","-"
"","ebay rhubarb","0","$0.00","0.00","-"
"","e g rhubarb and ginger","0","$0.00","0.00","-"
"","e oldroyd rhubarb","0","$0.00","0.00","-"
"","e liquid rhubarb and custard","0","$0.00","0.00","-"
"","rhubarb f","0","$0.00","0.00","-"
"","tarte rhubarbe f","0","$0.00","0.00","-"
"","rhubarb g&t","0","$0.00","0.00","-"
"","rhubarb g","0","$0.00","0.00","-"
"","rhubarb g per cup","0","$0.00","0.00","-"
"","dalstons rhubarb g&t","0","$0.00","0.00","-"
"","rhubarb j","0","$0.00","0.00","-"
"","j whitley rhubarb vodka","0","$0.00","0.00","-"
"","j parker rhubarb","0","$0.00","0.00","-"
"","j j whitley rhubarb vodka review","0","$0.00","0.00","-"
"","j.j. whitley rhubarb vodka b&m","0","$0.00","0.00","-"
"","j j whitley rhubarb gin","0","$0.00","0.00","-"
"","j.j. whitley rhubarb vodka calories","0","$0.00","0.00","-"
"","j.j. whitley rhubarb vodka morrisons","0","$0.00","0.00","-"
"","k classic rhubarb","0","$0.00","0.00","-"
"","k es rhubarb","0","$0.00","0.00","-"
"","recette rhubarbe k pour katrine","0","$0.00","0.00","-"
"","teneur vitamine k rhubarbe","0","$0.00","0.00","-"
"","rhubarb l'erbolario","0","$0.00","0.00","-"
"","rhubarb l","0","$0.00","0.00","-"
"","l'occitane rhubarbe pamplemousse","0","$0.00","0.00","-"
"","l'occitane rhubarb","0","$0.00","0.00","-"
"","l occitane rhubarb hand cream","0","$0.00","0.00","-"
"","l'occitane grapefruit rhubarb perfume","0","$0.00","0.00","-"
"","l'occitane pamplemousse rhubarbe amazon","0","$0.00","0.00","-"
"","pamplemousse rhubarbe l'occitane en provence","0","$0.00","0.00","-"
"","rhubarb m&s","0","$0.00","0.00","-"
"","m&s rhubarb candle","0","$0.00","0.00","-"
"","m&s rhubarb diffuser","0","$0.00","0.00","-"
"","m&s rhubarb crumble","0","$0.00","0.00","-"
"","m&s rhubarb and custard sweets","0","$0.00","0.00","-"
"","m&s rhubarb flower candle","0","$0.00","0.00","-"
"","rhubarb-o-rama","0","$0.00","0.00","-"
"","o'neills rhubarb gin","0","$0.00","0.00","-"
"","o que e rhubarb","0","$0.00","0.00","-"
"","o que e rhubarb traducao","0","$0.00","0.00","-"
"","o'delice rhubarbe","0","$0.00","0.00","-"
"","gateau rhubarbe odelices","0","$0.00","0.00","-"
"","recette rhubarbe o'delice","0","$0.00","0.00","-"
"","o que significa rhubarbe","0","$0.00","0.00","-"
"","strawberry rhubarb p","0","$0.00","0.00","-"
"","p allen smith rhubarb syrup","0","$0.00","0.00","-"
"","b&q rhubarb","0","$0.00","0.00","-"
"","q significa rhubarb","0","$0.00","0.00","-"
"","r rhubarb crumble","0","$0.00","0.00","-"
"","rhubarb r in month","0","$0.00","0.00","-"
"","siberian rhubarb (r. rhaponticum)","0","$0.00","0.00","-"
"","m&s rhubarb","0","$0.00","0.00","-"
"","rhubarb u pick","0","$0.00","0.00","-"
"","u pick rhubarb near me","0","$0.00","0.00","-"
"","super u rhubarbe","0","$0.00","0.00","-"
"","rhubarb vs celery","0","$0.00","0.00","-"
"","red chard vs rhubarb","0","$0.00","0.00","-"
"","boutique-y rhubarb","0","$0.00","0.00","-"
"","1 lb rhubarb in cups","0","$0.00","0.00","-"
"","1 kg rhubarb to cups","0","$0.00","0.00","-"
"","1 cup rhubarb","0","$0.00","0.00","-"
"","1 pound rhubarb in grams","0","$0.00","0.00","-"
"","1 crust rhubarb pie","0","$0.00","0.00","-"
"","1 gallon rhubarb wine recipe","0","$0.00","0.00","-"
"","2 towns rhubarbarian","0","$0.00","0.00","-"
"","payday 2 rhubarb","0","$0.00","0.00","-"
"","2 cups rhubarb in grams","0","$0.00","0.00","-"
"","2 crust rhubarb pie","0","$0.00","0.00","-"
"","2 cups rhubarb crisp with oatmeal","0","$0.00","0.00","-"
"","2 ingredient rhubarb jam","0","$0.00","0.00","-"
"","3 cups rhubarb in grams","0","$0.00","0.00","-"
"","3 cups rhubarb recipes","0","$0.00","0.00","-"
"","3 cups rhubarb","0","$0.00","0.00","-"
"","3 kg rhubarb and custard","0","$0.00","0.00","-"
"","3 ingredient rhubarb cake","0","$0.00","0.00","-"
"","3 gallon rhubarb wine recipe","0","$0.00","0.00","-"
"","4 cups rhubarb","0","$0.00","0.00","-"
"","4 cups rhubarb in grams","0","$0.00","0.00","-"
"","4 cups rhubarb crisp","0","$0.00","0.00","-"
"","4 lbs rhubarb to cups","0","$0.00","0.00","-"
"","4 cups rhubarb in pounds","0","$0.00","0.00","-"
"","4 stalks rhubarb","0","$0.00","0.00","-"
"","5 ingredient rhubarb squares","0","$0.00","0.00","-"
"","5 rhubarb hill","0","$0.00","0.00","-"
"","5 cups rhubarb in grams","0","$0.00","0.00","-"
"","6 cups rhubarb in grams","0","$0.00","0.00","-"
"","6 cups rhubarb in pounds","0","$0.00","0.00","-"
"","6 gallon rhubarb wine recipe","0","$0.00","0.00","-"
"","6 cups rhubarb","0","$0.00","0.00","-"
"","6 inch rhubarb pie recipe","0","$0.00","0.00","-"
"","crumble rhubarbe 6 personnes","0","$0.00","0.00","-"
"","rhubarbe 6 mois","0","$0.00","0.00","-"
"","zone 7 rhubarb","0","$0.00","0.00","-"
"","7 layer rhubarb dessert","0","$0.00","0.00","-"
"","rhubarbe 7 mois","0","$0.00","0.00","-"
"","8 cups rhubarb","0","$0.00","0.00","-"
"","no 8 rhubarb cider","0","$0.00","0.00","-"
"","8 inch rhubarb pie recipe","0","$0.00","0.00","-"
"","8 strawberry rhubarb pie","0","$0.00","0.00","-"
"","8 x 8 rhubarb cake","0","$0.00","0.00","-"
"","8 tigres de rhubarbe","0","$0.00","0.00","-"
"","recette rhubarbe 8 mois","0","$0.00","0.00","-"
"","zone 9 rhubarb","0","$0.00","0.00","-"
"","9 inch rhubarb pie","0","$0.00","0.00","-"
"","9 inch rhubarb pie recipe","0","$0.00","0.00","-"
"","9 inch strawberry rhubarb pie","0","$0.00","0.00","-"
"","9 x 13 rhubarb crisp","0","$0.00","0.00","-"
"","9 mois rhubarbe","0","$0.00","0.00","-"